bpp,pcqm
0.056001,0.987519
0.078001,0.988931
0.106907,0.989975
0.151907,0.991457
0.183686,0.992203
0.257545,0.993509
0.318545,0.994523
0.428273,0.995875
