bpp,pcqm
0.075403,0.986924
0.108403,0.989748
0.169821,0.992326
0.261357,0.994124
0.343454,0.995595
0.453154,0.996824
0.551154,0.997553
0.659154,0.99798
